epoch,lr,step,test_neg_dy_l1_loss,test_total_l1_loss,test_y_l1_loss,train_neg_dy_mse_loss,train_total_mse_loss,train_y_mse_loss,val_neg_dy_l1_loss,val_neg_dy_mse_loss,val_total_l1_loss,val_total_mse_loss,val_y_l1_loss,val_y_mse_loss
0.0,3.440000000409782e-05,859,,,,0.0,1119.8367919921875,1119.8367919921875,0.0,0.0,0.9738410711288452,1.7458102703094482,0.9738410711288452,1.7458102703094482
1.0,6.880000000819564e-05,1719,,,,0.0,0.5845681428909302,0.5845681428909302,0.0,0.0,0.2815673053264618,0.16021586954593658,0.2815673053264618,0.16021586954593658
2.0,0.00010320000001229346,2579,,,,0.0,0.10750969499349594,0.10750969499349594,0.0,0.0,0.23360955715179443,0.09465840458869934,0.23360955715179443,0.09465840458869934
3.0,0.00013760000001639128,3439,,,,0.0,0.05326930060982704,0.05326930060982704,0.0,0.0,0.2744028568267822,0.09742458164691925,0.2744028568267822,0.09742458164691925
4.0,0.0001720000000204891,4299,,,,0.0,0.03945176675915718,0.03945176675915718,0.0,0.0,0.10309446603059769,0.019962426275014877,0.10309446603059769,0.019962426275014877
5.0,0.00020640000002458692,5159,,,,0.0,0.05646895617246628,0.05646895617246628,0.0,0.0,1.006156325340271,1.0738006830215454,1.006156325340271,1.0738006830215454
6.0,0.00024080000002868474,6019,,,,0.0,0.07186029106378555,0.07186029106378555,0.0,0.0,0.22991818189620972,0.06668081134557724,0.22991818189620972,0.06668081134557724
7.0,0.00027520000003278255,6879,,,,0.0,0.0859270691871643,0.0859270691871643,0.0,0.0,0.7006655335426331,0.5154207348823547,0.7006655335426331,0.5154207348823547
8.0,0.0003096000000368804,7739,,,,0.0,0.09219427406787872,0.09219427406787872,0.0,0.0,0.07660245150327682,0.011159040033817291,0.07660245150327682,0.011159040033817291
9.0,0.0003440000000409782,8599,,,,0.0,0.08749529719352722,0.08749529719352722,0.0,0.0,0.2675943672657013,0.08436936885118484,0.2675943672657013,0.08436936885118484
10.0,0.000378400000045076,9459,0.0,0.36222201585769653,0.36222201585769653,0.0,0.06979134678840637,0.06979134678840637,0.0,0.0,0.3623083531856537,0.1443473994731903,0.3623083531856537,0.1443473994731903
11.0,0.00039999998989515007,10319,,,,0.0,0.07686018943786621,0.07686018943786621,0.0,0.0,0.05481729656457901,0.006026365328580141,0.05481729656457901,0.006026365328580141
12.0,0.00039999998989515007,11179,,,,0.0,0.4072418808937073,0.4072418808937073,0.0,0.0,0.10607557743787766,0.021765945479273796,0.10607557743787766,0.021765945479273796
13.0,0.00039999998989515007,12039,,,,0.0,0.01402229443192482,0.01402229443192482,0.0,0.0,0.08614658564329147,0.01192426960915327,0.08614658564329147,0.01192426960915327
14.0,0.00039999998989515007,12899,,,,0.0,0.01440194621682167,0.01440194621682167,0.0,0.0,0.10866928100585938,0.016143303364515305,0.10866928100585938,0.016143303364515305
15.0,0.00039999998989515007,13759,,,,0.0,0.026838183403015137,0.026838183403015137,0.0,0.0,0.12930993735790253,0.02123742736876011,0.12930993735790253,0.02123742736876011
16.0,0.00039999998989515007,14619,,,,0.0,0.02894299477338791,0.02894299477338791,0.0,0.0,0.1679462045431137,0.03305106982588768,0.1679462045431137,0.03305106982588768
17.0,0.00039999998989515007,15479,,,,0.0,0.033108241856098175,0.033108241856098175,0.0,0.0,0.16365790367126465,0.03783034160733223,0.16365790367126465,0.03783034160733223
18.0,0.00039999998989515007,16339,,,,0.0,0.022149764001369476,0.022149764001369476,0.0,0.0,0.044773876667022705,0.004118910990655422,0.044773876667022705,0.004118910990655422
19.0,0.00039999998989515007,17199,,,,0.0,0.02356107160449028,0.02356107160449028,0.0,0.0,0.2627212405204773,0.07477448135614395,0.2627212405204773,0.07477448135614395
20.0,0.00039999998989515007,18059,0.0,0.0973755344748497,0.0973755344748497,0.0,0.02426474168896675,0.02426474168896675,0.0,0.0,0.09704425930976868,0.012646796181797981,0.09704425930976868,0.012646796181797981
21.0,0.00039999998989515007,18919,,,,0.0,0.020844552665948868,0.020844552665948868,0.0,0.0,0.10147351026535034,0.013930872082710266,0.10147351026535034,0.013930872082710266
22.0,0.00039999998989515007,19779,,,,0.0,0.016508037224411964,0.016508037224411964,0.0,0.0,0.10379380732774734,0.013356284238398075,0.10379380732774734,0.013356284238398075
23.0,0.00039999998989515007,20639,,,,0.0,0.016806554049253464,0.016806554049253464,0.0,0.0,0.05509171262383461,0.004916660487651825,0.05509171262383461,0.004916660487651825
24.0,0.00039999998989515007,21499,,,,0.0,0.018838154152035713,0.018838154152035713,0.0,0.0,0.10979616641998291,0.014888247475028038,0.10979616641998291,0.014888247475028038
25.0,0.00039999998989515007,22359,,,,0.0,0.012459127232432365,0.012459127232432365,0.0,0.0,0.3237149715423584,0.11143337935209274,0.3237149715423584,0.11143337935209274
26.0,0.00039999998989515007,23219,,,,0.0,0.040591854602098465,0.040591854602098465,0.0,0.0,0.034100305289030075,0.002417590469121933,0.034100305289030075,0.002417590469121933
27.0,0.00039999998989515007,24079,,,,0.0,0.0034733677748590708,0.0034733677748590708,0.0,0.0,0.08127893507480621,0.008291996084153652,0.08127893507480621,0.008291996084153652
28.0,0.00039999998989515007,24939,,,,0.0,0.009856709279119968,0.009856709279119968,0.0,0.0,0.11268775165081024,0.015132074244320393,0.11268775165081024,0.015132074244320393
29.0,0.00039999998989515007,25799,,,,0.0,0.01142351794987917,0.01142351794987917,0.0,0.0,0.035366833209991455,0.0022271177731454372,0.035366833209991455,0.0022271177731454372
30.0,0.00039999998989515007,26659,0.0,0.09533019363880157,0.09533019363880157,0.0,0.009677501395344734,0.009677501395344734,0.0,0.0,0.09516172856092453,0.012072663754224777,0.09516172856092453,0.012072663754224777
31.0,0.00039999998989515007,27519,,,,0.0,0.011292945593595505,0.011292945593595505,0.0,0.0,0.05250810086727142,0.004362884908914566,0.05250810086727142,0.004362884908914566
32.0,0.00039999998989515007,28379,,,,0.0,0.009043614380061626,0.009043614380061626,0.0,0.0,0.05674043670296669,0.005037485156208277,0.05674043670296669,0.005037485156208277
33.0,0.00039999998989515007,29239,,,,0.0,0.009887250140309334,0.009887250140309334,0.0,0.0,0.0609901063144207,0.00484039168804884,0.0609901063144207,0.00484039168804884
34.0,0.00039999998989515007,30099,,,,0.0,0.008575893007218838,0.008575893007218838,0.0,0.0,0.04316185042262077,0.002907812362536788,0.04316185042262077,0.002907812362536788
35.0,0.00039999998989515007,30959,,,,0.0,0.008429404348134995,0.008429404348134995,0.0,0.0,0.07993263751268387,0.008315845392644405,0.07993263751268387,0.008315845392644405
36.0,0.00039999998989515007,31819,,,,0.0,0.008533554151654243,0.008533554151654243,0.0,0.0,0.04810820892453194,0.003940830938518047,0.04810820892453194,0.003940830938518047
37.0,0.00039999998989515007,32679,,,,0.0,0.007537715137004852,0.007537715137004852,0.0,0.0,0.03885592892765999,0.0027068632189184427,0.03885592892765999,0.0027068632189184427
38.0,0.00039999998989515007,33539,,,,0.0,0.007941626012325287,0.007941626012325287,0.0,0.0,0.03787811100482941,0.002482673618942499,0.03787811100482941,0.002482673618942499
39.0,0.00039999998989515007,34399,,,,0.0,0.006285412237048149,0.006285412237048149,0.0,0.0,0.11125318706035614,0.013751033693552017,0.11125318706035614,0.013751033693552017
40.0,0.00039999998989515007,35259,0.0,0.035429924726486206,0.035429924726486206,0.0,0.007727637887001038,0.007727637887001038,0.0,0.0,0.03566481173038483,0.0022120261564850807,0.03566481173038483,0.0022120261564850807
41.0,0.00039999998989515007,36119,,,,0.0,0.0065957894548773766,0.0065957894548773766,0.0,0.0,0.05874624103307724,0.005264731124043465,0.05874624103307724,0.005264731124043465
42.0,0.00039999998989515007,36979,,,,0.0,0.04856105148792267,0.04856105148792267,0.0,0.0,0.03591899573802948,0.0025908933021128178,0.03591899573802948,0.0025908933021128178
43.0,0.00039999998989515007,37839,,,,0.0,0.0013980361400172114,0.0013980361400172114,0.0,0.0,0.04390615224838257,0.0029541286639869213,0.04390615224838257,0.0029541286639869213
44.0,0.00039999998989515007,38699,,,,0.0,0.0017043540719896555,0.0017043540719896555,0.0,0.0,0.02474965900182724,0.0012436754768714309,0.02474965900182724,0.0012436754768714309
45.0,0.00039999998989515007,39559,,,,0.0,0.004667345434427261,0.004667345434427261,0.0,0.0,0.09111327677965164,0.00965654756873846,0.09111327677965164,0.00965654756873846
46.0,0.00039999998989515007,40419,,,,0.0,0.005514462012797594,0.005514462012797594,0.0,0.0,0.03829893469810486,0.0025624041445553303,0.03829893469810486,0.0025624041445553303
47.0,0.00039999998989515007,41279,,,,0.0,0.005458430387079716,0.005458430387079716,0.0,0.0,0.0459883026778698,0.003039842238649726,0.0459883026778698,0.003039842238649726
48.0,0.00039999998989515007,42139,,,,0.0,0.005003783851861954,0.005003783851861954,0.0,0.0,0.06529747694730759,0.0060201287269592285,0.06529747694730759,0.0060201287269592285
49.0,0.00039999998989515007,42999,,,,0.0,0.005359647795557976,0.005359647795557976,0.0,0.0,0.07671723514795303,0.00698954239487648,0.07671723514795303,0.00698954239487648
50.0,0.00039999998989515007,43859,0.0,0.02733120135962963,0.02733120135962963,0.0,0.005512711126357317,0.005512711126357317,0.0,0.0,0.027723820880055428,0.001516236923635006,0.027723820880055428,0.001516236923635006
51.0,0.00039999998989515007,44719,,,,0.0,0.03257868066430092,0.03257868066430092,0.0,0.0,0.021724315360188484,0.0010623362613841891,0.021724315360188484,0.0010623362613841891
52.0,0.00039999998989515007,45579,,,,0.0,0.0006426748586818576,0.0006426748586818576,0.0,0.0,0.01615051180124283,0.0006855418905615807,0.01615051180124283,0.0006855418905615807
53.0,0.00039999998989515007,46439,,,,0.0,0.0011580792488530278,0.0011580792488530278,0.0,0.0,0.03396157547831535,0.0018361182883381844,0.03396157547831535,0.0018361182883381844
54.0,0.00039999998989515007,47299,,,,0.0,0.0038465599063783884,0.0038465599063783884,0.0,0.0,0.026941226795315742,0.0014416464837267995,0.026941226795315742,0.0014416464837267995
55.0,0.00039999998989515007,48159,,,,0.0,0.0045410809107124805,0.0045410809107124805,0.0,0.0,0.07255032658576965,0.006144938059151173,0.07255032658576965,0.006144938059151173
56.0,0.00039999998989515007,49019,,,,0.0,0.004413070622831583,0.004413070622831583,0.0,0.0,0.23999053239822388,0.06585419178009033,0.23999053239822388,0.06585419178009033
57.0,0.00039999998989515007,49879,,,,0.0,0.004110598936676979,0.004110598936676979,0.0,0.0,0.06973923742771149,0.0063870567828416824,0.06973923742771149,0.0063870567828416824
58.0,0.00039999998989515007,50739,,,,0.0,0.00421700906008482,0.00421700906008482,0.0,0.0,0.0735139474272728,0.006691173650324345,0.0735139474272728,0.006691173650324345
59.0,0.00039999998989515007,51599,,,,0.0,0.004067800939083099,0.004067800939083099,0.0,0.0,0.08155615627765656,0.007783668115735054,0.08155615627765656,0.007783668115735054
60.0,0.00039999998989515007,52459,0.0,0.06429269164800644,0.06429269164800644,0.0,0.0038301742170006037,0.0038301742170006037,0.0,0.0,0.0646546259522438,0.005799432285130024,0.0646546259522438,0.005799432285130024
61.0,0.00039999998989515007,53319,,,,0.0,0.008142507635056973,0.008142507635056973,0.0,0.0,0.01685965806245804,0.000670594337861985,0.01685965806245804,0.000670594337861985
62.0,0.00039999998989515007,54179,,,,0.0,0.002407373394817114,0.002407373394817114,0.0,0.0,0.059590063989162445,0.004633405711501837,0.059590063989162445,0.004633405711501837
63.0,0.00039999998989515007,55039,,,,0.0,0.003548654029145837,0.003548654029145837,0.0,0.0,0.02424655482172966,0.001087954151444137,0.02424655482172966,0.001087954151444137
64.0,0.00039999998989515007,55899,,,,0.0,0.00387620460242033,0.00387620460242033,0.0,0.0,0.027311591431498528,0.0011934532085433602,0.027311591431498528,0.0011934532085433602
65.0,0.00039999998989515007,56759,,,,0.0,0.003361578332260251,0.003361578332260251,0.0,0.0,0.06419754028320312,0.004856580402702093,0.06419754028320312,0.004856580402702093
66.0,0.00039999998989515007,57619,,,,0.0,0.004070078954100609,0.004070078954100609,0.0,0.0,0.017414528876543045,0.0006616602186113596,0.017414528876543045,0.0006616602186113596
67.0,0.00039999998989515007,58479,,,,0.0,0.0033303757663816214,0.0033303757663816214,0.0,0.0,0.05592409148812294,0.00425217067822814,0.05592409148812294,0.00425217067822814
68.0,0.00039999998989515007,59339,,,,0.0,0.0037811037618666887,0.0037811037618666887,0.0,0.0,0.02058473415672779,0.0008504323777742684,0.02058473415672779,0.0008504323777742684
69.0,0.00039999998989515007,60199,,,,0.0,0.0030010242480784655,0.0030010242480784655,0.0,0.0,0.026731660589575768,0.0013059132033959031,0.026731660589575768,0.0013059132033959031
70.0,0.00039999998989515007,61059,0.0,0.03776887059211731,0.03776887059211731,0.0,0.0039308383129537106,0.0039308383129537106,0.0,0.0,0.0378401093184948,0.0019149311119690537,0.0378401093184948,0.0019149311119690537
71.0,0.00039999998989515007,61919,,,,0.0,0.002930753631517291,0.002930753631517291,0.0,0.0,0.06838037818670273,0.0056614563800394535,0.06838037818670273,0.0056614563800394535
72.0,0.00039999998989515007,62779,,,,0.0,0.0029838327318429947,0.0029838327318429947,0.0,0.0,0.09833966195583344,0.011089078150689602,0.09833966195583344,0.011089078150689602
73.0,0.00039999998989515007,63639,,,,0.0,0.003362080082297325,0.003362080082297325,0.0,0.0,0.022480735555291176,0.0010436520678922534,0.022480735555291176,0.0010436520678922534
74.0,0.00039999998989515007,64499,,,,0.0,0.003355899127200246,0.003355899127200246,0.0,0.0,0.025461751967668533,0.0011672284454107285,0.025461751967668533,0.0011672284454107285
75.0,0.00039999998989515007,65359,,,,0.0,0.0025775183457881212,0.0025775183457881212,0.0,0.0,0.0380258671939373,0.002072697738185525,0.0380258671939373,0.002072697738185525
76.0,0.00039999998989515007,66219,,,,0.0,0.0028719149995595217,0.0028719149995595217,0.0,0.0,0.04224734008312225,0.0025669848546385765,0.04224734008312225,0.0025669848546385765
77.0,0.00039999998989515007,67079,,,,0.0,0.00340553792193532,0.00340553792193532,0.0,0.0,0.02494961768388748,0.0009865130996331573,0.02494961768388748,0.0009865130996331573
78.0,0.00039999998989515007,67939,,,,0.0,0.002766010817140341,0.002766010817140341,0.0,0.0,0.020494727417826653,0.0007638553506694734,0.020494727417826653,0.0007638553506694734
79.0,0.00039999998989515007,68799,,,,0.0,0.00294358073733747,0.00294358073733747,0.0,0.0,0.0154948178678751,0.00058487628120929,0.0154948178678751,0.00058487628120929
80.0,0.00039999998989515007,69659,0.0,0.02002709172666073,0.02002709172666073,0.0,0.0026278668083250523,0.0026278668083250523,0.0,0.0,0.01996723748743534,0.0008071042248047888,0.01996723748743534,0.0008071042248047888
81.0,0.00039999998989515007,70519,,,,0.0,0.002521577524021268,0.002521577524021268,0.0,0.0,0.031071290373802185,0.0015487201744690537,0.031071290373802185,0.0015487201744690537
82.0,0.00039999998989515007,71379,,,,0.0,0.009258395992219448,0.009258395992219448,0.0,0.0,0.016153214499354362,0.000573545868974179,0.016153214499354362,0.000573545868974179
83.0,0.00039999998989515007,72239,,,,0.0,0.0005320280906744301,0.0005320280906744301,0.0,0.0,0.016302036121487617,0.0006260545924305916,0.016302036121487617,0.0006260545924305916
84.0,0.00039999998989515007,73099,,,,0.0,0.002125469269230962,0.002125469269230962,0.0,0.0,0.05998403951525688,0.004257986322045326,0.05998403951525688,0.004257986322045326
85.0,0.00039999998989515007,73959,,,,0.0,0.00248526269569993,0.00248526269569993,0.0,0.0,0.04212072864174843,0.0024163953494280577,0.04212072864174843,0.0024163953494280577
86.0,0.00039999998989515007,74819,,,,0.0,0.0023746700026094913,0.0023746700026094913,0.0,0.0,0.03253072500228882,0.0015300944214686751,0.03253072500228882,0.0015300944214686751
87.0,0.00039999998989515007,75679,,,,0.0,0.00312669831328094,0.00312669831328094,0.0,0.0,0.04584039747714996,0.0031699666287750006,0.04584039747714996,0.0031699666287750006
88.0,0.00039999998989515007,76539,,,,0.0,0.0016780054429545999,0.0016780054429545999,0.0,0.0,0.019635310396552086,0.0007797727594152093,0.019635310396552086,0.0007797727594152093
89.0,0.00039999998989515007,77399,,,,0.0,0.00263601285405457,0.00263601285405457,0.0,0.0,0.03399397432804108,0.001722519169561565,0.03399397432804108,0.001722519169561565
90.0,0.00039999998989515007,78259,0.0,0.01805858127772808,0.01805858127772808,0.0,0.002085079438984394,0.002085079438984394,0.0,0.0,0.018148882314562798,0.0007035652524791658,0.018148882314562798,0.0007035652524791658
91.0,0.00039999998989515007,79119,,,,0.0,0.003192231524735689,0.003192231524735689,0.0,0.0,0.020107945427298546,0.0007527171983383596,0.020107945427298546,0.0007527171983383596
92.0,0.00039999998989515007,79979,,,,0.0,0.0018346646102145314,0.0018346646102145314,0.0,0.0,0.03530425205826759,0.0016988895367830992,0.03530425205826759,0.0016988895367830992
93.0,0.00039999998989515007,80839,,,,0.0,0.0026309778913855553,0.0026309778913855553,0.0,0.0,0.04717051982879639,0.00290457671508193,0.04717051982879639,0.00290457671508193
94.0,0.00039999998989515007,81699,,,,0.0,0.002143388381227851,0.002143388381227851,0.0,0.0,0.029377032071352005,0.001340115675702691,0.029377032071352005,0.001340115675702691
95.0,0.00039999998989515007,82559,,,,0.0,0.007181399501860142,0.007181399501860142,0.0,0.0,0.015379556454718113,0.0005869024316780269,0.015379556454718113,0.0005869024316780269
96.0,0.00039999998989515007,83419,,,,0.0,0.00026224864996038377,0.00026224864996038377,0.0,0.0,0.011346551589667797,0.0003926552599295974,0.011346551589667797,0.0003926552599295974
97.0,0.00039999998989515007,84279,,,,0.0,0.001369053847156465,0.001369053847156465,0.0,0.0,0.02178230881690979,0.000874953402671963,0.02178230881690979,0.000874953402671963
98.0,0.00039999998989515007,85139,,,,0.0,0.002199233043938875,0.002199233043938875,0.0,0.0,0.01833377406001091,0.0007118217181414366,0.01833377406001091,0.0007118217181414366
99.0,0.00039999998989515007,85999,,,,0.0,0.0025026549119502306,0.0025026549119502306,0.0,0.0,0.021479595452547073,0.0009280164376832545,0.021479595452547073,0.0009280164376832545
100.0,0.00039999998989515007,86859,0.0,0.028304319828748703,0.028304319828748703,0.0,0.0016484013758599758,0.0016484013758599758,0.0,0.0,0.028399698436260223,0.001230351161211729,0.028399698436260223,0.001230351161211729
101.0,0.00039999998989515007,87719,,,,0.0,0.0024870955385267735,0.0024870955385267735,0.0,0.0,0.040050264447927475,0.002689685206860304,0.040050264447927475,0.002689685206860304
102.0,0.00039999998989515007,88579,,,,0.0,0.0018607695819810033,0.0018607695819810033,0.0,0.0,0.02187260612845421,0.0009297008509747684,0.02187260612845421,0.0009297008509747684
103.0,0.00039999998989515007,89439,,,,0.0,0.0039341333322227,0.0039341333322227,0.0,0.0,0.011506286449730396,0.00039416010258719325,0.011506286449730396,0.00039416010258719325
104.0,0.00039999998989515007,90299,,,,0.0,0.0009842353174462914,0.0009842353174462914,0.0,0.0,0.0185546875,0.0007332769455388188,0.0185546875,0.0007332769455388188
105.0,0.00039999998989515007,91159,,,,0.0,0.0019157680217176676,0.0019157680217176676,0.0,0.0,0.10387261211872101,0.011740981601178646,0.10387261211872101,0.011740981601178646
106.0,0.00039999998989515007,92019,,,,0.0,0.002166599268093705,0.002166599268093705,0.0,0.0,0.02116398885846138,0.000767709338106215,0.02116398885846138,0.000767709338106215
107.0,0.00039999998989515007,92879,,,,0.0,0.0019142375094816089,0.0019142375094816089,0.0,0.0,0.02305496856570244,0.000880304432939738,0.02305496856570244,0.000880304432939738
108.0,0.00039999998989515007,93739,,,,0.0,0.002043619751930237,0.002043619751930237,0.0,0.0,0.020541662350296974,0.0008232227992266417,0.020541662350296974,0.0008232227992266417
109.0,0.00039999998989515007,94599,,,,0.0,0.001992253353819251,0.001992253353819251,0.0,0.0,0.04982342571020126,0.0034114071168005466,0.04982342571020126,0.0034114071168005466
110.0,0.00039999998989515007,95459,0.0,0.014681754633784294,0.014681754633784294,0.0,0.0018873921362683177,0.0018873921362683177,0.0,0.0,0.014447610825300217,0.0005069835460744798,0.014447610825300217,0.0005069835460744798
111.0,0.00039999998989515007,96319,,,,0.0,0.0019112777663394809,0.0019112777663394809,0.0,0.0,0.01651063747704029,0.0006322202389128506,0.01651063747704029,0.0006322202389128506
112.0,0.00039999998989515007,97179,,,,0.0,0.006965409964323044,0.006965409964323044,0.0,0.0,0.01802734285593033,0.0007570305024273694,0.01802734285593033,0.0007570305024273694
113.0,0.00031999999191612005,98039,,,,0.0,0.00021195484441705048,0.00021195484441705048,0.0,0.0,0.010550294071435928,0.00035223248414695263,0.010550294071435928,0.00035223248414695263
114.0,0.00031999999191612005,98899,,,,0.0,0.0001769811933627352,0.0001769811933627352,0.0,0.0,0.03169989213347435,0.0013385715428739786,0.03169989213347435,0.0013385715428739786
115.0,0.00031999999191612005,99759,,,,0.0,0.0010645021684467793,0.0010645021684467793,0.0,0.0,0.027736615389585495,0.0011327071115374565,0.027736615389585495,0.0011327071115374565
116.0,0.00031999999191612005,100619,,,,0.0,0.001225629122927785,0.001225629122927785,0.0,0.0,0.025049718096852303,0.0009875817922875285,0.025049718096852303,0.0009875817922875285
117.0,0.00031999999191612005,101479,,,,0.0,0.001189913833513856,0.001189913833513856,0.0,0.0,0.025461994111537933,0.0010334703838452697,0.025461994111537933,0.0010334703838452697
118.0,0.00031999999191612005,102339,,,,0.0,0.001164484885521233,0.001164484885521233,0.0,0.0,0.023153619840741158,0.0008662561303935945,0.023153619840741158,0.0008662561303935945
119.0,0.00031999999191612005,103199,,,,0.0,0.0015091232489794493,0.0015091232489794493,0.0,0.0,0.012804152444005013,0.0004230789199937135,0.012804152444005013,0.0004230789199937135
120.0,0.00031999999191612005,104059,0.0,0.012204849161207676,0.012204849161207676,0.0,0.0008666774956509471,0.0008666774956509471,0.0,0.0,0.012209108099341393,0.000409383763326332,0.012209108099341393,0.000409383763326332
121.0,0.00031999999191612005,104919,,,,0.0,0.0014279581373557448,0.0014279581373557448,0.0,0.0,0.01394658163189888,0.0004844236536882818,0.01394658163189888,0.0004844236536882818
122.0,0.00031999999191612005,105779,,,,0.0,0.0011136946268379688,0.0011136946268379688,0.0,0.0,0.019037222489714622,0.0006799955735914409,0.019037222489714622,0.0006799955735914409
123.0,0.00031999999191612005,106639,,,,0.0,0.0013131743762642145,0.0013131743762642145,0.0,0.0,0.015464541502296925,0.000535154773388058,0.015464541502296925,0.000535154773388058
124.0,0.00031999999191612005,107499,,,,0.0,0.001143219298683107,0.001143219298683107,0.0,0.0,0.07344543188810349,0.005933161359280348,0.07344543188810349,0.005933161359280348
125.0,0.00031999999191612005,108359,,,,0.0,0.001132388599216938,0.001132388599216938,0.0,0.0,0.04250427708029747,0.0022137591149657965,0.04250427708029747,0.0022137591149657965
126.0,0.00031999999191612005,109219,,,,0.0,0.0012852954678237438,0.0012852954678237438,0.0,0.0,0.021884677931666374,0.0008533585933037102,0.021884677931666374,0.0008533585933037102
127.0,0.00031999999191612005,110079,,,,0.0,0.0010947618866339326,0.0010947618866339326,0.0,0.0,0.018018070608377457,0.0006808340549468994,0.018018070608377457,0.0006808340549468994
128.0,0.00031999999191612005,110939,,,,0.0,0.002658711513504386,0.002658711513504386,0.0,0.0,0.010327351279556751,0.0003477468271739781,0.010327351279556751,0.0003477468271739781
129.0,0.00031999999191612005,111799,,,,0.0,0.0004871125565841794,0.0004871125565841794,0.0,0.0,0.03718895465135574,0.002081301063299179,0.03718895465135574,0.002081301063299179
130.0,0.00031999999191612005,112659,0.0,0.046792007982730865,0.046792007982730865,0.0,0.0009266381384804845,0.0009266381384804845,0.0,0.0,0.04701957479119301,0.0026766578666865826,0.04701957479119301,0.0026766578666865826
131.0,0.00031999999191612005,113519,,,,0.0,0.001253075315617025,0.001253075315617025,0.0,0.0,0.01968538388609886,0.0007356578717008233,0.01968538388609886,0.0007356578717008233
132.0,0.00031999999191612005,114379,,,,0.0,0.0012027488555759192,0.0012027488555759192,0.0,0.0,0.03388870880007744,0.0016848751110956073,0.03388870880007744,0.0016848751110956073
133.0,0.00031999999191612005,115239,,,,0.0,0.0010543856769800186,0.0010543856769800186,0.0,0.0,0.02593226358294487,0.0010396457510069013,0.02593226358294487,0.0010396457510069013
134.0,0.00031999999191612005,116099,,,,0.0,0.0011747246608138084,0.0011747246608138084,0.0,0.0,0.016580993309617043,0.0005645088385790586,0.016580993309617043,0.0005645088385790586
135.0,0.00031999999191612005,116959,,,,0.0,0.0009558866731822491,0.0009558866731822491,0.0,0.0,0.04603026434779167,0.0026595701929181814,0.04603026434779167,0.0026595701929181814
136.0,0.00031999999191612005,117819,,,,0.0,0.001610578503459692,0.001610578503459692,0.0,0.0,0.012517760507762432,0.00042535620741546154,0.012517760507762432,0.00042535620741546154
137.0,0.00031999999191612005,118679,,,,0.0,0.0007827740046195686,0.0007827740046195686,0.0,0.0,0.012021994218230247,0.00040471795364283025,0.012021994218230247,0.00040471795364283025
138.0,0.00031999999191612005,119539,,,,0.0,0.0011308485409244895,0.0011308485409244895,0.0,0.0,0.019007623195648193,0.0007240730337798595,0.019007623195648193,0.0007240730337798595
139.0,0.00031999999191612005,120399,,,,0.0,0.001159577164798975,0.001159577164798975,0.0,0.0,0.04426347836852074,0.0026244737673550844,0.04426347836852074,0.0026244737673550844
140.0,0.00031999999191612005,121259,0.0,0.0178888738155365,0.0178888738155365,0.0,0.0010414612479507923,0.0010414612479507923,0.0,0.0,0.01775394007563591,0.0006443099118769169,0.01775394007563591,0.0006443099118769169
141.0,0.00031999999191612005,122119,,,,0.0,0.0009859479032456875,0.0009859479032456875,0.0,0.0,0.012946262024343014,0.00042184951598756015,0.012946262024343014,0.00042184951598756015
142.0,0.00031999999191612005,122979,,,,0.0,0.0011456861393526196,0.0011456861393526196,0.0,0.0,0.04484519734978676,0.002582621295005083,0.04484519734978676,0.002582621295005083
143.0,0.00031999999191612005,123839,,,,0.0,0.0010545559925958514,0.0010545559925958514,0.0,0.0,0.05315428227186203,0.0032402081415057182,0.05315428227186203,0.0032402081415057182
144.0,0.00031999999191612005,124699,,,,0.0,0.0011609394568949938,0.0011609394568949938,0.0,0.0,0.013845129869878292,0.0004928091075271368,0.013845129869878292,0.0004928091075271368
145.0,0.00025599999935366213,125559,,,,0.0,0.0003622722579166293,0.0003622722579166293,0.0,0.0,0.014919957146048546,0.0004818908346351236,0.014919957146048546,0.0004818908346351236
146.0,0.00025599999935366213,126419,,,,0.0,0.0007082886295393109,0.0007082886295393109,0.0,0.0,0.02670350857079029,0.0010322724701836705,0.02670350857079029,0.0010322724701836705
147.0,0.00025599999935366213,127279,,,,0.0,0.000745384197216481,0.000745384197216481,0.0,0.0,0.013147523626685143,0.0004344324115663767,0.013147523626685143,0.0004344324115663767
148.0,0.00025599999935366213,128139,,,,0.0,0.000691588968038559,0.000691588968038559,0.0,0.0,0.016264179721474648,0.0005430745077319443,0.016264179721474648,0.0005430745077319443
149.0,0.00025599999935366213,128999,,,,0.0,0.0007443217327818274,0.0007443217327818274,0.0,0.0,0.03172558173537254,0.0012989463284611702,0.03172558173537254,0.0012989463284611702
150.0,0.00025599999935366213,129859,0.0,0.049998581409454346,0.049998581409454346,0.0,0.0007075945031829178,0.0007075945031829178,0.0,0.0,0.04966112971305847,0.0029277026187628508,0.04966112971305847,0.0029277026187628508
151.0,0.00025599999935366213,130719,,,,0.0,0.0006804430158808827,0.0006804430158808827,0.0,0.0,0.010847502388060093,0.00035248903441242874,0.010847502388060093,0.00035248903441242874
152.0,0.00025599999935366213,131579,,,,0.0,0.0007062569493427873,0.0007062569493427873,0.0,0.0,0.027464276179671288,0.0010746159823611379,0.027464276179671288,0.0010746159823611379
153.0,0.00025599999935366213,132439,,,,0.0,0.0006956380675546825,0.0006956380675546825,0.0,0.0,0.011300968937575817,0.0003787408350035548,0.011300968937575817,0.0003787408350035548
154.0,0.00025599999935366213,133299,,,,0.0,0.0006507097277790308,0.0006507097277790308,0.0,0.0,0.012883874587714672,0.0004153350892011076,0.012883874587714672,0.0004153350892011076
155.0,0.00025599999935366213,134159,,,,0.0,0.0007551602902822196,0.0007551602902822196,0.0,0.0,0.016971830278635025,0.0005962491268292069,0.016971830278635025,0.0005962491268292069
156.0,0.00025599999935366213,135019,,,,0.0,0.0006588996620848775,0.0006588996620848775,0.0,0.0,0.0436253622174263,0.002303254557773471,0.0436253622174263,0.002303254557773471
157.0,0.00025599999935366213,135879,,,,0.0,0.0007561281672678888,0.0007561281672678888,0.0,0.0,0.04150636866688728,0.002051987685263157,0.04150636866688728,0.002051987685263157
158.0,0.00025599999935366213,136739,,,,0.0,0.0006758504896424711,0.0006758504896424711,0.0,0.0,0.022037748247385025,0.0008578342967666686,0.022037748247385025,0.0008578342967666686
159.0,0.00025599999935366213,137599,,,,0.0,0.0006135607836768031,0.0006135607836768031,0.0,0.0,0.018689313903450966,0.0006355027435347438,0.018689313903450966,0.0006355027435347438
160.0,0.00025599999935366213,138459,0.0,0.020548274740576744,0.020548274740576744,0.0,0.0006543854833580554,0.0006543854833580554,0.0,0.0,0.02056266739964485,0.0006903836037963629,0.02056266739964485,0.0006903836037963629
161.0,0.00020480000239331275,139319,,,,0.0,0.00031912914710119367,0.00031912914710119367,0.0,0.0,0.01296649407595396,0.0004344785993453115,0.01296649407595396,0.0004344785993453115
162.0,0.00020480000239331275,140179,,,,0.0,0.00045620984747074544,0.00045620984747074544,0.0,0.0,0.012971950694918633,0.00042679859325289726,0.012971950694918633,0.00042679859325289726
163.0,0.00020480000239331275,141039,,,,0.0,0.0005501184496097267,0.0005501184496097267,0.0,0.0,0.009246730245649815,0.00030859929393045604,0.009246730245649815,0.00030859929393045604
164.0,0.00020480000239331275,141899,,,,0.0,0.00044711746159009635,0.00044711746159009635,0.0,0.0,0.01127991545945406,0.00036138028372079134,0.01127991545945406,0.00036138028372079134
165.0,0.00020480000239331275,142759,,,,0.0,0.0004504736280068755,0.0004504736280068755,0.0,0.0,0.014375856146216393,0.0004643583088181913,0.014375856146216393,0.0004643583088181913
166.0,0.00020480000239331275,143619,,,,0.0,0.0004378477460704744,0.0004378477460704744,0.0,0.0,0.06130228191614151,0.0042272876016795635,0.06130228191614151,0.0042272876016795635
167.0,0.00020480000239331275,144479,,,,0.0,0.0004592483746819198,0.0004592483746819198,0.0,0.0,0.010842867195606232,0.0003561076591722667,0.010842867195606232,0.0003561076591722667
168.0,0.00020480000239331275,145339,,,,0.0,0.0005189292132854462,0.0005189292132854462,0.0,0.0,0.015535524114966393,0.0005333679146133363,0.015535524114966393,0.0005333679146133363
169.0,0.00020480000239331275,146199,,,,0.0,0.00045070398482494056,0.00045070398482494056,0.0,0.0,0.012792805209755898,0.0004102504753973335,0.012792805209755898,0.0004102504753973335
170.0,0.00020480000239331275,147059,0.0,0.013268747366964817,0.013268747366964817,0.0,0.00042939448030665517,0.00042939448030665517,0.0,0.0,0.013142501935362816,0.0004360584425739944,0.013142501935362816,0.0004360584425739944
171.0,0.00020480000239331275,147919,,,,0.0,0.0004412213165778667,0.0004412213165778667,0.0,0.0,0.015836160629987717,0.0005053268978372216,0.015836160629987717,0.0005053268978372216
172.0,0.00020480000239331275,148779,,,,0.0,0.0004877189639955759,0.0004877189639955759,0.0,0.0,0.04393874481320381,0.0023370326962321997,0.04393874481320381,0.0023370326962321997
173.0,0.00020480000239331275,149639,,,,0.0,0.000511103542521596,0.000511103542521596,0.0,0.0,0.027164170518517494,0.0010610738536342978,0.027164170518517494,0.0010610738536342978
174.0,0.00020480000239331275,150499,,,,0.0,0.0004302435845602304,0.0004302435845602304,0.0,0.0,0.010554253123700619,0.00033049314515665174,0.010554253123700619,0.00033049314515665174
175.0,0.00020480000239331275,151359,,,,0.0,0.00042869773460552096,0.00042869773460552096,0.0,0.0,0.009008721448481083,0.00029569052276201546,0.009008721448481083,0.00029569052276201546
176.0,0.00020480000239331275,152219,,,,0.0,0.00047965135308913887,0.00047965135308913887,0.0,0.0,0.011823775246739388,0.00039582003955729306,0.011823775246739388,0.00039582003955729306
177.0,0.00020480000239331275,153079,,,,0.0,0.00041853924631141126,0.00041853924631141126,0.0,0.0,0.03816237673163414,0.00180505879689008,0.03816237673163414,0.00180505879689008
178.0,0.00020480000239331275,153939,,,,0.0,0.00047313986578956246,0.00047313986578956246,0.0,0.0,0.010277326218783855,0.0003400220302864909,0.010277326218783855,0.0003400220302864909
179.0,0.00020480000239331275,154799,,,,0.0,0.00045731657883152366,0.00045731657883152366,0.0,0.0,0.02235282212495804,0.0008043688721954823,0.02235282212495804,0.0008043688721954823
180.0,0.00020480000239331275,155659,0.0,0.025721460580825806,0.025721460580825806,0.0,0.00046646708506159484,0.00046646708506159484,0.0,0.0,0.02580401301383972,0.0009819883853197098,0.02580401301383972,0.0009819883853197098
181.0,0.00020480000239331275,156519,,,,0.0,0.0003809390473179519,0.0003809390473179519,0.0,0.0,0.03376171365380287,0.0014746668748557568,0.03376171365380287,0.0014746668748557568
182.0,0.00020480000239331275,157379,,,,0.0,0.0004958811332471669,0.0004958811332471669,0.0,0.0,0.02374987117946148,0.0008608223870396614,0.02374987117946148,0.0008608223870396614
183.0,0.00020480000239331275,158239,,,,0.0,0.0004815247084479779,0.0004815247084479779,0.0,0.0,0.010593365877866745,0.00033705620444379747,0.010593365877866745,0.00033705620444379747
184.0,0.00020480000239331275,159099,,,,0.0,0.00043478686711750925,0.00043478686711750925,0.0,0.0,0.010451353155076504,0.0003403638256713748,0.010451353155076504,0.0003403638256713748
185.0,0.00020480000239331275,159959,,,,0.0,0.0004056227335240692,0.0004056227335240692,0.0,0.0,0.02112733945250511,0.000700254226103425,0.02112733945250511,0.000700254226103425
186.0,0.00020480000239331275,160819,,,,0.0,0.00041400548070669174,0.00041400548070669174,0.0,0.0,0.03490395098924637,0.0015330398455262184,0.03490395098924637,0.0015330398455262184
187.0,0.00020480000239331275,161679,,,,0.0,0.00043827557237818837,0.00043827557237818837,0.0,0.0,0.01154762040823698,0.00036349616129882634,0.01154762040823698,0.00036349616129882634
188.0,0.00020480000239331275,162539,,,,0.0,0.0004112355236429721,0.0004112355236429721,0.0,0.0,0.016795050352811813,0.0005451500182971358,0.016795050352811813,0.0005451500182971358
189.0,0.00020480000239331275,163399,,,,0.0,0.0005133814993314445,0.0005133814993314445,0.0,0.0,0.01078400481492281,0.0003437396080698818,0.01078400481492281,0.0003437396080698818
190.0,0.00020480000239331275,164259,0.0,0.025448475033044815,0.025448475033044815,0.0,0.0003921618335880339,0.0003921618335880339,0.0,0.0,0.025532735511660576,0.0009649622370488942,0.025532735511660576,0.0009649622370488942
191.0,0.00020480000239331275,165119,,,,0.0,0.0004518495697993785,0.0004518495697993785,0.0,0.0,0.021723300218582153,0.0007505039102397859,0.021723300218582153,0.0007505039102397859
192.0,0.00016383999900426716,165979,,,,0.0,0.00021967334032524377,0.00021967334032524377,0.0,0.0,0.02186661772429943,0.000712541164830327,0.02186661772429943,0.000712541164830327
193.0,0.00016383999900426716,166839,,,,0.0,0.0002859165542759001,0.0002859165542759001,0.0,0.0,0.01051277481019497,0.0003493218100629747,0.01051277481019497,0.0003493218100629747
194.0,0.00016383999900426716,167699,,,,0.0,0.0003161413478665054,0.0003161413478665054,0.0,0.0,0.018087266013026237,0.0006073663244023919,0.018087266013026237,0.0006073663244023919
195.0,0.00016383999900426716,168559,,,,0.0,0.00028605296392925084,0.00028605296392925084,0.0,0.0,0.02177511341869831,0.0007212844793684781,0.02177511341869831,0.0007212844793684781
196.0,0.00016383999900426716,169419,,,,0.0,0.00028933770954608917,0.00028933770954608917,0.0,0.0,0.03053288534283638,0.0012227940605953336,0.03053288534283638,0.0012227940605953336
197.0,0.00016383999900426716,170279,,,,0.0,0.0003225922700949013,0.0003225922700949013,0.0,0.0,0.014640615321695805,0.00046428045607171953,0.014640615321695805,0.00046428045607171953
198.0,0.00016383999900426716,171139,,,,0.0,0.00031911113183014095,0.00031911113183014095,0.0,0.0,0.0093655651435256,0.0003085768548771739,0.0093655651435256,0.0003085768548771739
199.0,0.00016383999900426716,171999,,,,0.0,0.0002568197378423065,0.0002568197378423065,0.0,0.0,0.008860383182764053,0.0002884605200961232,0.008860383182764053,0.0002884605200961232
200.0,0.00016383999900426716,172859,0.0,0.01126083079725504,0.01126083079725504,0.0,0.00033595957211218774,0.00033595957211218774,0.0,0.0,0.011095409281551838,0.0003627096302807331,0.011095409281551838,0.0003627096302807331
201.0,0.00016383999900426716,173719,,,,0.0,0.00031966311507858336,0.00031966311507858336,0.0,0.0,0.008667957969009876,0.0002911004703491926,0.008667957969009876,0.0002911004703491926
202.0,0.00016383999900426716,174579,,,,0.0,0.00023068506561685354,0.00023068506561685354,0.0,0.0,0.012670010328292847,0.0003932007239200175,0.012670010328292847,0.0003932007239200175
203.0,0.00016383999900426716,175439,,,,0.0,0.000321423722198233,0.000321423722198233,0.0,0.0,0.01428304798901081,0.0004339139850344509,0.01428304798901081,0.0004339139850344509
204.0,0.00016383999900426716,176299,,,,0.0,0.0002821832604240626,0.0002821832604240626,0.0,0.0,0.013343472965061665,0.00040848253411240876,0.013343472965061665,0.00040848253411240876
205.0,0.00016383999900426716,177159,,,,0.0,0.0003115657309535891,0.0003115657309535891,0.0,0.0,0.008216134272515774,0.00027320795925334096,0.008216134272515774,0.00027320795925334096
206.0,0.00016383999900426716,178019,,,,0.0,0.0003259124350734055,0.0003259124350734055,0.0,0.0,0.009135669097304344,0.0002876605140045285,0.009135669097304344,0.0002876605140045285
207.0,0.00016383999900426716,178879,,,,0.0,0.00024934709654189646,0.00024934709654189646,0.0,0.0,0.01207728311419487,0.0003923958574887365,0.01207728311419487,0.0003923958574887365
208.0,0.00016383999900426716,179739,,,,0.0,0.0002944807638414204,0.0002944807638414204,0.0,0.0,0.02130141481757164,0.0007442583446390927,0.02130141481757164,0.0007442583446390927
209.0,0.00016383999900426716,180599,,,,0.0,0.0003264041733928025,0.0003264041733928025,0.0,0.0,0.008631598204374313,0.0002828074211720377,0.008631598204374313,0.0002828074211720377
210.0,0.00016383999900426716,181459,0.0,0.02223975397646427,0.02223975397646427,0.0,0.0002986833860632032,0.0002986833860632032,0.0,0.0,0.02216971665620804,0.0007286611362360418,0.02216971665620804,0.0007286611362360418
211.0,0.00016383999900426716,182319,,,,0.0,0.0003218305646441877,0.0003218305646441877,0.0,0.0,0.02694620192050934,0.001022480078972876,0.02694620192050934,0.001022480078972876
212.0,0.00016383999900426716,183179,,,,0.0,0.00028805184410884976,0.00028805184410884976,0.0,0.0,0.01734195277094841,0.0005299526383168995,0.01734195277094841,0.0005299526383168995
213.0,0.00016383999900426716,184039,,,,0.0,0.0003088172525167465,0.0003088172525167465,0.0,0.0,0.008109129033982754,0.00027738476637750864,0.008109129033982754,0.00027738476637750864
214.0,0.00016383999900426716,184899,,,,0.0,0.00025813456159085035,0.00025813456159085035,0.0,0.0,0.009229684248566628,0.00029891778831370175,0.009229684248566628,0.00029891778831370175
215.0,0.00016383999900426716,185759,,,,0.0,0.00034838533611036837,0.00034838533611036837,0.0,0.0,0.03737128525972366,0.001874960376881063,0.03737128525972366,0.001874960376881063
216.0,0.00016383999900426716,186619,,,,0.0,0.0003106093208771199,0.0003106093208771199,0.0,0.0,0.008880470879375935,0.0003036347625311464,0.008880470879375935,0.0003036347625311464
217.0,0.00016383999900426716,187479,,,,0.0,0.0002857295621652156,0.0002857295621652156,0.0,0.0,0.01142062433063984,0.0003615899768192321,0.01142062433063984,0.0003615899768192321
218.0,0.00016383999900426716,188339,,,,0.0,0.00024141650646924973,0.00024141650646924973,0.0,0.0,0.03270489722490311,0.001333356834948063,0.03270489722490311,0.001333356834948063
219.0,0.00016383999900426716,189199,,,,0.0,0.00031066511292010546,0.00031066511292010546,0.0,0.0,0.023707523941993713,0.0008061534026637673,0.023707523941993713,0.0008061534026637673
220.0,0.00016383999900426716,190059,0.0,0.0114046111702919,0.0114046111702919,0.0,0.00030668239924125373,0.00030668239924125373,0.0,0.0,0.011197344399988651,0.0003770344192162156,0.011197344399988651,0.0003770344192162156
221.0,0.00016383999900426716,190919,,,,0.0,0.00030185296782292426,0.00030185296782292426,0.0,0.0,0.013179393485188484,0.00042289073462598026,0.013179393485188484,0.00042289073462598026
222.0,0.00013107199629303068,191779,,,,0.0,9.101146133616567e-05,9.101146133616567e-05,0.0,0.0,0.0070209745317697525,0.0002513632061891258,0.0070209745317697525,0.0002513632061891258
223.0,0.00013107199629303068,192639,,,,0.0,0.00021551005193032324,0.00021551005193032324,0.0,0.0,0.010909165255725384,0.00034740244154818356,0.010909165255725384,0.00034740244154818356
224.0,0.00013107199629303068,193499,,,,0.0,0.0002107253239955753,0.0002107253239955753,0.0,0.0,0.00895700603723526,0.00029883760726079345,0.00895700603723526,0.00029883760726079345
225.0,0.00013107199629303068,194359,,,,0.0,0.00023759558098390698,0.00023759558098390698,0.0,0.0,0.008980280719697475,0.00029415421886369586,0.008980280719697475,0.00029415421886369586
226.0,0.00013107199629303068,195219,,,,0.0,0.00019137925119139254,0.00019137925119139254,0.0,0.0,0.011912768706679344,0.00035606854362413287,0.011912768706679344,0.00035606854362413287
227.0,0.00013107199629303068,196079,,,,0.0,0.00021463012672029436,0.00021463012672029436,0.0,0.0,0.0184104535728693,0.0006099743186496198,0.0184104535728693,0.0006099743186496198
228.0,0.00013107199629303068,196939,,,,0.0,0.0001934900355990976,0.0001934900355990976,0.0,0.0,0.016293490305542946,0.0004924206878058612,0.016293490305542946,0.0004924206878058612
229.0,0.00013107199629303068,197799,,,,0.0,0.0001927206030813977,0.0001927206030813977,0.0,0.0,0.019701464101672173,0.0006158914184197783,0.019701464101672173,0.0006158914184197783
230.0,0.00013107199629303068,198659,0.0,0.008870482444763184,0.008870482444763184,0.0,0.00018530264787841588,0.00018530264787841588,0.0,0.0,0.008744493126869202,0.00028568165726028383,0.008744493126869202,0.00028568165726028383
231.0,0.00013107199629303068,199519,,,,0.0,0.0002511582861188799,0.0002511582861188799,0.0,0.0,0.011044949293136597,0.00035260836011730134,0.011044949293136597,0.00035260836011730134
232.0,0.00013107199629303068,200379,,,,0.0,0.00017790141282603145,0.00017790141282603145,0.0,0.0,0.008421982638537884,0.0002796785265672952,0.008421982638537884,0.0002796785265672952
233.0,0.00013107199629303068,201239,,,,0.0,0.00019276741659268737,0.00019276741659268737,0.0,0.0,0.017534762620925903,0.0005262518534436822,0.017534762620925903,0.0005262518534436822
234.0,0.00013107199629303068,202099,,,,0.0,0.00021873795776627958,0.00021873795776627958,0.0,0.0,0.018458306789398193,0.0005645661731250584,0.018458306789398193,0.0005645661731250584
235.0,0.00013107199629303068,202959,,,,0.0,0.00016134117322508246,0.00016134117322508246,0.0,0.0,0.02861689403653145,0.0010667829774320126,0.02861689403653145,0.0010667829774320126
236.0,0.00013107199629303068,203819,,,,0.0,0.00022021854238118976,0.00022021854238118976,0.0,0.0,0.03381270542740822,0.0013792236568406224,0.03381270542740822,0.0013792236568406224
237.0,0.00013107199629303068,204679,,,,0.0,0.0002068826142931357,0.0002068826142931357,0.0,0.0,0.03605709969997406,0.0015798126114532351,0.03605709969997406,0.0015798126114532351
238.0,0.00013107199629303068,205539,,,,0.0,0.00019695340597536415,0.00019695340597536415,0.0,0.0,0.01010972075164318,0.00031952952849678695,0.01010972075164318,0.00031952952849678695
239.0,0.00010485760139999911,206399,,,,0.0,9.924705227604136e-05,9.924705227604136e-05,0.0,0.0,0.006716474890708923,0.0002429385349387303,0.006716474890708923,0.0002429385349387303
240.0,0.00010485760139999911,207259,0.0,0.006990740541368723,0.006990740541368723,0.0,0.00013171875616535544,0.00013171875616535544,0.0,0.0,0.006856652908027172,0.00024498574202880263,0.006856652908027172,0.00024498574202880263
241.0,0.00010485760139999911,208119,,,,0.0,0.00014367316907737404,0.00014367316907737404,0.0,0.0,0.014677410013973713,0.0004265538591425866,0.014677410013973713,0.0004265538591425866
242.0,0.00010485760139999911,208979,,,,0.0,0.00016220964607782662,0.00016220964607782662,0.0,0.0,0.016717934980988503,0.0004876403836533427,0.016717934980988503,0.0004876403836533427
243.0,0.00010485760139999911,209839,,,,0.0,0.00015243167581502348,0.00015243167581502348,0.0,0.0,0.009291154332458973,0.0002880686370190233,0.009291154332458973,0.0002880686370190233
244.0,0.00010485760139999911,210699,,,,0.0,0.00014620181173086166,0.00014620181173086166,0.0,0.0,0.02031104266643524,0.0006269306177273393,0.02031104266643524,0.0006269306177273393
245.0,0.00010485760139999911,211559,,,,0.0,0.0001274590176763013,0.0001274590176763013,0.0,0.0,0.007890773937106133,0.0002662731276359409,0.007890773937106133,0.0002662731276359409
246.0,0.00010485760139999911,212419,,,,0.0,0.00016220947145484388,0.00016220947145484388,0.0,0.0,0.02185087651014328,0.0007100341026671231,0.02185087651014328,0.0007100341026671231
247.0,0.00010485760139999911,213279,,,,0.0,0.00013778769061900675,0.00013778769061900675,0.0,0.0,0.009763162583112717,0.00029653197270818055,0.009763162583112717,0.00029653197270818055
248.0,0.00010485760139999911,214139,,,,0.0,8.777423499850556e-05,8.777423499850556e-05,0.0,0.0,0.006574172060936689,0.00023689345107413828,0.006574172060936689,0.00023689345107413828
249.0,0.00010485760139999911,214999,,,,0.0,0.0001670590863795951,0.0001670590863795951,0.0,0.0,0.012967846356332302,0.0003936764842364937,0.012967846356332302,0.0003936764842364937
250.0,0.00010485760139999911,215859,0.0,0.007170130964368582,0.007170130964368582,0.0,0.00016837358998600394,0.00016837358998600394,0.0,0.0,0.0071022906340658665,0.0002560058201197535,0.0071022906340658665,0.0002560058201197535
251.0,0.00010485760139999911,216719,,,,0.0,0.00013689494517166167,0.00013689494517166167,0.0,0.0,0.023138264194130898,0.0007797511061653495,0.023138264194130898,0.0007797511061653495
252.0,0.00010485760139999911,217579,,,,0.0,0.00016982770466711372,0.00016982770466711372,0.0,0.0,0.00881890393793583,0.0002918220416177064,0.00881890393793583,0.0002918220416177064
253.0,0.00010485760139999911,218439,,,,0.0,0.000114838796434924,0.000114838796434924,0.0,0.0,0.011431151069700718,0.00033466031891293824,0.011431151069700718,0.00033466031891293824
254.0,0.00010485760139999911,219299,,,,0.0,0.00012139622413087636,0.00012139622413087636,0.0,0.0,0.011648250743746758,0.00035123960697092116,0.011648250743746758,0.00035123960697092116
255.0,0.00010485760139999911,220159,,,,0.0,0.00015748846635688096,0.00015748846635688096,0.0,0.0,0.01902717910706997,0.0005721638444811106,0.01902717910706997,0.0005721638444811106
256.0,0.00010485760139999911,221019,,,,0.0,0.00016880650946404785,0.00016880650946404785,0.0,0.0,0.011622078716754913,0.0003474965051282197,0.011622078716754913,0.0003474965051282197
257.0,0.00010485760139999911,221879,,,,0.0,9.067272185347974e-05,9.067272185347974e-05,0.0,0.0,0.01619121804833412,0.0004887670511379838,0.01619121804833412,0.0004887670511379838
258.0,0.00010485760139999911,222739,,,,0.0,0.00014730262046214193,0.00014730262046214193,0.0,0.0,0.008978059515357018,0.00027375234640203416,0.008978059515357018,0.00027375234640203416
259.0,0.00010485760139999911,223599,,,,0.0,0.00015368791355285794,0.00015368791355285794,0.0,0.0,0.009734866209328175,0.00030192991835065186,0.009734866209328175,0.00030192991835065186
260.0,0.00010485760139999911,224459,0.0,0.008015128783881664,0.008015128783881664,0.0,0.00014276124420575798,0.00014276124420575798,0.0,0.0,0.008045390248298645,0.0002748712431639433,0.008045390248298645,0.0002748712431639433
261.0,0.00010485760139999911,225319,,,,0.0,0.00016860920004546642,0.00016860920004546642,0.0,0.0,0.01199703011661768,0.00036648951936513186,0.01199703011661768,0.00036648951936513186
262.0,0.00010485760139999911,226179,,,,0.0,9.827894245972857e-05,9.827894245972857e-05,0.0,0.0,0.006575282663106918,0.00024105363991111517,0.006575282663106918,0.00024105363991111517
263.0,0.00010485760139999911,227039,,,,0.0,0.00013059629418421537,0.00013059629418421537,0.0,0.0,0.006834682077169418,0.0002453023043926805,0.006834682077169418,0.0002453023043926805
264.0,0.00010485760139999911,227899,,,,0.0,0.00013992018648423254,0.00013992018648423254,0.0,0.0,0.026708723977208138,0.0009541864274069667,0.026708723977208138,0.0009541864274069667
265.0,8.388607966480777e-05,228759,,,,0.0,8.410239388467744e-05,8.410239388467744e-05,0.0,0.0,0.02233172208070755,0.0007647956372238696,0.02233172208070755,0.0007647956372238696
266.0,8.388607966480777e-05,229619,,,,0.0,0.0001186718072858639,0.0001186718072858639,0.0,0.0,0.03257780522108078,0.001311986125074327,0.03257780522108078,0.001311986125074327
267.0,8.388607966480777e-05,230479,,,,0.0,0.00011921791883651167,0.00011921791883651167,0.0,0.0,0.008387409150600433,0.00027490558568388224,0.008387409150600433,0.00027490558568388224
268.0,8.388607966480777e-05,231339,,,,0.0,0.00011404277029214427,0.00011404277029214427,0.0,0.0,0.007761508692055941,0.0002640959282871336,0.007761508692055941,0.0002640959282871336
269.0,8.388607966480777e-05,232199,,,,0.0,9.793185745365918e-05,9.793185745365918e-05,0.0,0.0,0.006737962830811739,0.00024545780615881085,0.006737962830811739,0.00024545780615881085
270.0,8.388607966480777e-05,233059,0.0,0.00684365164488554,0.00684365164488554,0.0,9.679717186372727e-05,9.679717186372727e-05,0.0,0.0,0.00683014327660203,0.000242169204284437,0.00683014327660203,0.000242169204284437
271.0,8.388607966480777e-05,233919,,,,0.0,0.00011823591194115579,0.00011823591194115579,0.0,0.0,0.007316010072827339,0.0002597577986307442,0.007316010072827339,0.0002597577986307442
272.0,8.388607966480777e-05,234779,,,,0.0,7.278877455973998e-05,7.278877455973998e-05,0.0,0.0,0.007434362079948187,0.0002574334212113172,0.007434362079948187,0.0002574334212113172
273.0,8.388607966480777e-05,235639,,,,0.0,9.240867802873254e-05,9.240867802873254e-05,0.0,0.0,0.007206928916275501,0.0002509307814761996,0.007206928916275501,0.0002509307814761996
274.0,8.388607966480777e-05,236499,,,,0.0,5.84524568694178e-05,5.84524568694178e-05,0.0,0.0,0.006482474505901337,0.00024003082944545895,0.006482474505901337,0.00024003082944545895
275.0,8.388607966480777e-05,237359,,,,0.0,0.00012964947381988168,0.00012964947381988168,0.0,0.0,0.006682046223431826,0.00023841248184908181,0.006682046223431826,0.00023841248184908181
276.0,8.388607966480777e-05,238219,,,,0.0,8.805986726656556e-05,8.805986726656556e-05,0.0,0.0,0.007155116647481918,0.00024670406128279865,0.007155116647481918,0.00024670406128279865
277.0,8.388607966480777e-05,239079,,,,0.0,0.00011498800449771807,0.00011498800449771807,0.0,0.0,0.007093985099345446,0.0002456531801726669,0.007093985099345446,0.0002456531801726669
278.0,8.388607966480777e-05,239939,,,,0.0,0.00011914203787455335,0.00011914203787455335,0.0,0.0,0.009169663302600384,0.0002999681164510548,0.009169663302600384,0.0002999681164510548
279.0,8.388607966480777e-05,240799,,,,0.0,0.0001085180847439915,0.0001085180847439915,0.0,0.0,0.00949439499527216,0.0002793270687106997,0.00949439499527216,0.0002793270687106997
280.0,8.388607966480777e-05,241659,0.0,0.010570893995463848,0.010570893995463848,0.0,0.00011051604087697342,0.00011051604087697342,0.0,0.0,0.010436239652335644,0.00031677252263762057,0.010436239652335644,0.00031677252263762057
281.0,6.710886373184621e-05,242519,,,,0.0,4.9530764954397455e-05,4.9530764954397455e-05,0.0,0.0,0.010254195891320705,0.00030169254750944674,0.010254195891320705,0.00030169254750944674
282.0,6.710886373184621e-05,243379,,,,0.0,7.188726885942742e-05,7.188726885942742e-05,0.0,0.0,0.007026865612715483,0.0002472116029821336,0.007026865612715483,0.0002472116029821336
283.0,6.710886373184621e-05,244239,,,,0.0,7.104599353624508e-05,7.104599353624508e-05,0.0,0.0,0.006399468518793583,0.0002410246670478955,0.006399468518793583,0.0002410246670478955
284.0,6.710886373184621e-05,245099,,,,0.0,5.2786992455367e-05,5.2786992455367e-05,0.0,0.0,0.006573978811502457,0.00023891223827376962,0.006573978811502457,0.00023891223827376962
285.0,6.710886373184621e-05,245959,,,,0.0,5.031942782807164e-05,5.031942782807164e-05,0.0,0.0,0.0062341331504285336,0.00023281208996195346,0.0062341331504285336,0.00023281208996195346
286.0,6.710886373184621e-05,246819,,,,0.0,6.192158616613597e-05,6.192158616613597e-05,0.0,0.0,0.01344231702387333,0.0003948102821595967,0.01344231702387333,0.0003948102821595967
287.0,6.710886373184621e-05,247679,,,,0.0,6.61283265799284e-05,6.61283265799284e-05,0.0,0.0,0.008228881284594536,0.00026051822351291776,0.008228881284594536,0.00026051822351291776
288.0,6.710886373184621e-05,248539,,,,0.0,5.649391459883191e-05,5.649391459883191e-05,0.0,0.0,0.006234519183635712,0.00023221585433930159,0.006234519183635712,0.00023221585433930159
289.0,6.710886373184621e-05,249399,,,,0.0,4.570984310703352e-05,4.570984310703352e-05,0.0,0.0,0.00748863723129034,0.0002544051967561245,0.00748863723129034,0.0002544051967561245
290.0,6.710886373184621e-05,250259,0.0,0.006475204601883888,0.006475204601883888,0.0,5.492717173183337e-05,5.492717173183337e-05,0.0,0.0,0.006357893347740173,0.00023583436268381774,0.006357893347740173,0.00023583436268381774
291.0,6.710886373184621e-05,251119,,,,0.0,7.648192695342004e-05,7.648192695342004e-05,0.0,0.0,0.0061904811300337315,0.00023386516841128469,0.0061904811300337315,0.00023386516841128469
292.0,6.710886373184621e-05,251979,,,,0.0,3.884385296260007e-05,3.884385296260007e-05,0.0,0.0,0.006155859213322401,0.00023156791576184332,0.006155859213322401,0.00023156791576184332
293.0,6.710886373184621e-05,252839,,,,0.0,9.226593101629987e-05,9.226593101629987e-05,0.0,0.0,0.006738397292792797,0.0002441992110107094,0.006738397292792797,0.0002441992110107094
294.0,6.710886373184621e-05,253699,,,,0.0,8.142265869537368e-05,8.142265869537368e-05,0.0,0.0,0.00850320141762495,0.00026749164680950344,0.00850320141762495,0.00026749164680950344
295.0,6.710886373184621e-05,254559,,,,0.0,6.348379247356206e-05,6.348379247356206e-05,0.0,0.0,0.007868126966059208,0.0002660531608853489,0.007868126966059208,0.0002660531608853489
296.0,6.710886373184621e-05,255419,,,,0.0,8.602825255366042e-05,8.602825255366042e-05,0.0,0.0,0.007458409294486046,0.0002480951661709696,0.007458409294486046,0.0002480951661709696
297.0,6.710886373184621e-05,256279,,,,0.0,7.296448893612251e-05,7.296448893612251e-05,0.0,0.0,0.00670628622174263,0.00023648688511457294,0.00670628622174263,0.00023648688511457294
298.0,6.710886373184621e-05,257139,,,,0.0,9.178910841001198e-05,9.178910841001198e-05,0.0,0.0,0.007701873779296875,0.0002652912517078221,0.007701873779296875,0.0002652912517078221
299.0,6.710886373184621e-05,257999,,,,0.0,5.774879173259251e-05,5.774879173259251e-05,0.0,0.0,0.00780149083584547,0.00026425422402098775,0.00780149083584547,0.00026425422402098775
300.0,6.710886373184621e-05,258859,0.0,0.006528678350150585,0.006528678350150585,0.0,8.015367347979918e-05,8.015367347979918e-05,0.0,0.0,0.006356734316796064,0.00023288553347811103,0.006356734316796064,0.00023288553347811103
301.0,6.710886373184621e-05,259719,,,,0.0,5.571627843892202e-05,5.571627843892202e-05,0.0,0.0,0.006916190963238478,0.0002417597861494869,0.006916190963238478,0.0002417597861494869
302.0,6.710886373184621e-05,260579,,,,0.0,6.777780072297901e-05,6.777780072297901e-05,0.0,0.0,0.0064437962137162685,0.00023484700068365782,0.0064437962137162685,0.00023484700068365782
303.0,6.710886373184621e-05,261439,,,,0.0,7.152599573601037e-05,7.152599573601037e-05,0.0,0.0,0.006576248444616795,0.00023911266180220991,0.006576248444616795,0.00023911266180220991
304.0,6.710886373184621e-05,262299,,,,0.0,6.367237801896408e-05,6.367237801896408e-05,0.0,0.0,0.0070514921098947525,0.0002516336098778993,0.0070514921098947525,0.0002516336098778993
305.0,6.710886373184621e-05,263159,,,,0.0,5.113161023473367e-05,5.113161023473367e-05,0.0,0.0,0.00789294671267271,0.0002606393245514482,0.00789294671267271,0.0002606393245514482
306.0,6.710886373184621e-05,264019,,,,0.0,4.298976273275912e-05,4.298976273275912e-05,0.0,0.0,0.006235581357032061,0.00023443730606231838,0.006235581357032061,0.00023443730606231838
307.0,6.710886373184621e-05,264879,,,,0.0,5.9029454860137776e-05,5.9029454860137776e-05,0.0,0.0,0.006803053896874189,0.00024374878557864577,0.006803053896874189,0.00024374878557864577
308.0,6.710886373184621e-05,265739,,,,0.0,7.918728078948334e-05,7.918728078948334e-05,0.0,0.0,0.01165018230676651,0.00035160238621756434,0.01165018230676651,0.00035160238621756434
309.0,5.368709025788121e-05,266599,,,,0.0,2.596036938484758e-05,2.596036938484758e-05,0.0,0.0,0.006608504336327314,0.00023721842444501817,0.006608504336327314,0.00023721842444501817
310.0,5.368709025788121e-05,267459,0.0,0.0064528873190283775,0.0064528873190283775,0.0,5.665910794050433e-05,5.665910794050433e-05,0.0,0.0,0.006352581549435854,0.0002389265428064391,0.006352581549435854,0.0002389265428064391
311.0,5.368709025788121e-05,268319,,,,0.0,6.681421655230224e-05,6.681421655230224e-05,0.0,0.0,0.009688462130725384,0.00029507011640816927,0.009688462130725384,0.00029507011640816927
312.0,5.368709025788121e-05,269179,,,,0.0,4.9890975788002834e-05,4.9890975788002834e-05,0.0,0.0,0.006499037146568298,0.00023980630794540048,0.006499037146568298,0.00023980630794540048
313.0,5.368709025788121e-05,270039,,,,0.0,6.020015280228108e-05,6.020015280228108e-05,0.0,0.0,0.012093845754861832,0.00034713521017692983,0.012093845754861832,0.00034713521017692983
314.0,5.368709025788121e-05,270899,,,,0.0,6.105320790084079e-05,6.105320790084079e-05,0.0,0.0,0.0071354638785123825,0.0002501234703231603,0.0071354638785123825,0.0002501234703231603
315.0,5.368709025788121e-05,271759,,,,0.0,6.067997674108483e-05,6.067997674108483e-05,0.0,0.0,0.014511012472212315,0.00040582389920018613,0.014511012472212315,0.00040582389920018613
316.0,5.368709025788121e-05,272619,,,,0.0,5.522365972865373e-05,5.522365972865373e-05,0.0,0.0,0.0072777182795107365,0.000243814050918445,0.0072777182795107365,0.000243814050918445
317.0,5.368709025788121e-05,273479,,,,0.0,6.206623220350593e-05,6.206623220350593e-05,0.0,0.0,0.015471688471734524,0.00043405970791354775,0.015471688471734524,0.00043405970791354775
318.0,5.368709025788121e-05,274339,,,,0.0,5.819268335471861e-05,5.819268335471861e-05,0.0,0.0,0.006277784705162048,0.00023538240930065513,0.006277784705162048,0.00023538240930065513
319.0,5.368709025788121e-05,275199,,,,0.0,5.390189107856713e-05,5.390189107856713e-05,0.0,0.0,0.007281388156116009,0.0002448719460517168,0.007281388156116009,0.0002448719460517168
320.0,5.368709025788121e-05,276059,0.0,0.011389374732971191,0.011389374732971191,0.0,5.0706010370049626e-05,5.0706010370049626e-05,0.0,0.0,0.011239257641136646,0.00032262731110677123,0.011239257641136646,0.00032262731110677123
321.0,5.368709025788121e-05,276919,,,,0.0,4.558422006084584e-05,4.558422006084584e-05,0.0,0.0,0.008427245542407036,0.0002683750353753567,0.008427245542407036,0.0002683750353753567
322.0,5.368709025788121e-05,277779,,,,0.0,4.6013068640604615e-05,4.6013068640604615e-05,0.0,0.0,0.0059834737330675125,0.00022989936405792832,0.0059834737330675125,0.00022989936405792832
323.0,5.368709025788121e-05,278639,,,,0.0,5.240834070718847e-05,5.240834070718847e-05,0.0,0.0,0.00801931507885456,0.00027324329130351543,0.00801931507885456,0.00027324329130351543
324.0,5.368709025788121e-05,279499,,,,0.0,5.472003249451518e-05,5.472003249451518e-05,0.0,0.0,0.008189527317881584,0.00027169863460585475,0.008189527317881584,0.00027169863460585475
325.0,5.368709025788121e-05,280359,,,,0.0,4.1538922232575715e-05,4.1538922232575715e-05,0.0,0.0,0.012486469931900501,0.0003512194089125842,0.012486469931900501,0.0003512194089125842
326.0,5.368709025788121e-05,281219,,,,0.0,4.973924296791665e-05,4.973924296791665e-05,0.0,0.0,0.006398551166057587,0.0002397983625996858,0.006398551166057587,0.0002397983625996858
327.0,5.368709025788121e-05,282079,,,,0.0,3.4960245102411136e-05,3.4960245102411136e-05,0.0,0.0,0.006446693558245897,0.00023520425020251423,0.006446693558245897,0.00023520425020251423
328.0,5.368709025788121e-05,282939,,,,0.0,3.0123681426630355e-05,3.0123681426630355e-05,0.0,0.0,0.006509563885629177,0.00023577605315949768,0.006509563885629177,0.00023577605315949768
329.0,5.368709025788121e-05,283799,,,,0.0,5.729126132791862e-05,5.729126132791862e-05,0.0,0.0,0.009321333840489388,0.0002848183212336153,0.009321333840489388,0.0002848183212336153
330.0,5.368709025788121e-05,284659,0.0,0.0061512175016105175,0.0061512175016105175,0.0,1.0231381565972697e-05,1.0231381565972697e-05,0.0,0.0,0.00601032143458724,0.00023125650477595627,0.00601032143458724,0.00023125650477595627
331.0,5.368709025788121e-05,285519,,,,0.0,4.965912739862688e-05,4.965912739862688e-05,0.0,0.0,0.0071049947291612625,0.000239891727687791,0.0071049947291612625,0.000239891727687791
332.0,5.368709025788121e-05,286379,,,,0.0,4.6435674448730424e-05,4.6435674448730424e-05,0.0,0.0,0.006290725897997618,0.00023426821280736476,0.006290725897997618,0.00023426821280736476
333.0,5.368709025788121e-05,287239,,,,0.0,4.722041558125056e-05,4.722041558125056e-05,0.0,0.0,0.007131311111152172,0.00025040627224370837,0.007131311111152172,0.00025040627224370837
334.0,5.368709025788121e-05,288099,,,,0.0,7.386194738501217e-06,7.386194738501217e-06,0.0,0.0,0.01184444222599268,0.00034598750062286854,0.01184444222599268,0.00034598750062286854
335.0,5.368709025788121e-05,288959,,,,0.0,4.8254369175992906e-05,4.8254369175992906e-05,0.0,0.0,0.005941173993051052,0.000230711666517891,0.005941173993051052,0.000230711666517891
336.0,5.368709025788121e-05,289819,,,,0.0,4.055181489093229e-05,4.055181489093229e-05,0.0,0.0,0.006266533862799406,0.00023052011965774,0.006266533862799406,0.00023052011965774
337.0,5.368709025788121e-05,290679,,,,0.0,4.005671144113876e-05,4.005671144113876e-05,0.0,0.0,0.005961358081549406,0.00022757402621209621,0.005961358081549406,0.00022757402621209621
338.0,5.368709025788121e-05,291539,,,,0.0,4.505071774474345e-05,4.505071774474345e-05,0.0,0.0,0.006079275626689196,0.00023250032973010093,0.006079275626689196,0.00023250032973010093
339.0,5.368709025788121e-05,292399,,,,0.0,1.6760724975029007e-05,1.6760724975029007e-05,0.0,0.0,0.00624504592269659,0.00023557536769658327,0.00624504592269659,0.00023557536769658327
340.0,5.368709025788121e-05,293259,0.0,0.0076342676766216755,0.0076342676766216755,0.0,6.8893757998012e-05,6.8893757998012e-05,0.0,0.0,0.007461306639015675,0.0002530055644456297,0.007461306639015675,0.0002530055644456297
341.0,5.368709025788121e-05,294119,,,,0.0,5.766027607023716e-05,5.766027607023716e-05,0.0,0.0,0.006471802946180105,0.00023644420434720814,0.006471802946180105,0.00023644420434720814
342.0,5.368709025788121e-05,294979,,,,0.0,6.303285044850782e-05,6.303285044850782e-05,0.0,0.0,0.007587046828120947,0.00025765024474821985,0.007587046828120947,0.00025765024474821985
343.0,5.368709025788121e-05,295839,,,,0.0,5.731093915528618e-05,5.731093915528618e-05,0.0,0.0,0.006499954499304295,0.00023900793166831136,0.006499954499304295,0.00023900793166831136
344.0,5.368709025788121e-05,296699,,,,0.0,6.222812953637913e-05,6.222812953637913e-05,0.0,0.0,0.009691118262708187,0.00029876793269068,0.009691118262708187,0.00029876793269068
345.0,5.368709025788121e-05,297559,,,,0.0,5.5706837883917615e-05,5.5706837883917615e-05,0.0,0.0,0.008975113742053509,0.0002715036680456251,0.008975113742053509,0.0002715036680456251
346.0,5.368709025788121e-05,298419,,,,0.0,5.5096061259973794e-05,5.5096061259973794e-05,0.0,0.0,0.008574087172746658,0.0002687172091100365,0.008574087172746658,0.0002687172091100365
347.0,5.368709025788121e-05,299279,,,,0.0,6.360074621625245e-05,6.360074621625245e-05,0.0,0.0,0.006867855787277222,0.00024321470118593425,0.006867855787277222,0.00024321470118593425
348.0,5.368709025788121e-05,300139,,,,0.0,3.8705617043888196e-05,3.8705617043888196e-05,0.0,0.0,0.006169041618704796,0.00023309407697524875,0.006169041618704796,0.00023309407697524875
349.0,5.368709025788121e-05,300999,,,,0.0,5.5647484259679914e-05,5.5647484259679914e-05,0.0,0.0,0.006240748334676027,0.00023457295901607722,0.006240748334676027,0.00023457295901607722
350.0,5.368709025788121e-05,301859,0.0,0.009105026721954346,0.009105026721954346,0.0,4.3656094931066036e-05,4.3656094931066036e-05,0.0,0.0,0.00899524986743927,0.00028505842783488333,0.00899524986743927,0.00028505842783488333
351.0,5.368709025788121e-05,302719,,,,0.0,1.933673775056377e-05,1.933673775056377e-05,0.0,0.0,0.006100183818489313,0.00023171213979367167,0.006100183818489313,0.00023171213979367167
352.0,5.368709025788121e-05,303579,,,,0.0,6.081052197259851e-05,6.081052197259851e-05,0.0,0.0,0.012067239731550217,0.0003824862069450319,0.012067239731550217,0.0003824862069450319
353.0,5.368709025788121e-05,304439,,,,0.0,3.288483640062623e-05,3.288483640062623e-05,0.0,0.0,0.00813250057399273,0.0002567417686805129,0.00813250057399273,0.0002567417686805129
354.0,4.294967220630497e-05,305299,,,,0.0,1.906518082250841e-05,1.906518082250841e-05,0.0,0.0,0.0067360312677919865,0.0002357502089580521,0.0067360312677919865,0.0002357502089580521
355.0,4.294967220630497e-05,306159,,,,0.0,2.131107248715125e-05,2.131107248715125e-05,0.0,0.0,0.005915050394833088,0.00022672313207294792,0.005915050394833088,0.00022672313207294792
356.0,4.294967220630497e-05,307019,,,,0.0,2.4282846425194293e-05,2.4282846425194293e-05,0.0,0.0,0.006011962890625,0.00023065465211402625,0.006011962890625,0.00023065465211402625
357.0,4.294967220630497e-05,307879,,,,0.0,2.3593922378495336e-05,2.3593922378495336e-05,0.0,0.0,0.005936103872954845,0.0002286404778715223,0.005936103872954845,0.0002286404778715223
358.0,4.294967220630497e-05,308739,,,,0.0,2.6137169697904028e-05,2.6137169697904028e-05,0.0,0.0,0.005880283657461405,0.00022663113486487418,0.005880283657461405,0.00022663113486487418
359.0,4.294967220630497e-05,309599,,,,0.0,2.5003731934702955e-05,2.5003731934702955e-05,0.0,0.0,0.005899019073694944,0.0002290987322339788,0.005899019073694944,0.0002290987322339788
360.0,4.294967220630497e-05,310459,0.0,0.010438056662678719,0.010438056662678719,0.0,1.856862218119204e-05,1.856862218119204e-05,0.0,0.0,0.010210930369794369,0.00030772623722441494,0.010210930369794369,0.00030772623722441494
361.0,4.294967220630497e-05,311319,,,,0.0,1.313289612880908e-05,1.313289612880908e-05,0.0,0.0,0.00680126715451479,0.00024807703448459506,0.00680126715451479,0.00024807703448459506
362.0,4.294967220630497e-05,312179,,,,0.0,2.5614657715777867e-05,2.5614657715777867e-05,0.0,0.0,0.00585768511518836,0.0002281128108734265,0.00585768511518836,0.0002281128108734265
363.0,4.294967220630497e-05,313039,,,,0.0,2.4796167053864338e-05,2.4796167053864338e-05,0.0,0.0,0.005888492334634066,0.00022882825578562915,0.005888492334634066,0.00022882825578562915
364.0,4.294967220630497e-05,313899,,,,0.0,2.4407643650192767e-05,2.4407643650192767e-05,0.0,0.0,0.005853097885847092,0.00022662946139462292,0.005853097885847092,0.00022662946139462292
365.0,4.294967220630497e-05,314759,,,,0.0,2.7068152121501043e-05,2.7068152121501043e-05,0.0,0.0,0.005886077880859375,0.00022859228192828596,0.005886077880859375,0.00022859228192828596
366.0,4.294967220630497e-05,315619,,,,0.0,1.5502209862461314e-05,1.5502209862461314e-05,0.0,0.0,0.005924176890403032,0.0002291888667969033,0.005924176890403032,0.0002291888667969033
367.0,4.294967220630497e-05,316479,,,,0.0,1.9321261788718402e-05,1.9321261788718402e-05,0.0,0.0,0.0062083955854177475,0.0002313544973731041,0.0062083955854177475,0.0002313544973731041
368.0,4.294967220630497e-05,317339,,,,0.0,3.1364896130980924e-05,3.1364896130980924e-05,0.0,0.0,0.005806162487715483,0.00022630624880548567,0.005806162487715483,0.00022630624880548567
369.0,4.294967220630497e-05,318199,,,,0.0,1.6125872207339853e-05,1.6125872207339853e-05,0.0,0.0,0.0076008569449186325,0.00025996120530180633,0.0076008569449186325,0.00025996120530180633
370.0,4.294967220630497e-05,319059,0.0,0.011287755332887173,0.011287755332887173,0.0,2.8183609174448065e-05,2.8183609174448065e-05,0.0,0.0,0.011182760819792747,0.000346112996339798,0.011182760819792747,0.000346112996339798
371.0,4.294967220630497e-05,319919,,,,0.0,9.945735655492172e-06,9.945735655492172e-06,0.0,0.0,0.00583832198753953,0.0002287422539666295,0.00583832198753953,0.0002287422539666295
372.0,4.294967220630497e-05,320779,,,,0.0,2.26564661716111e-05,2.26564661716111e-05,0.0,0.0,0.006272763013839722,0.00023308998788706958,0.006272763013839722,0.00023308998788706958
373.0,4.294967220630497e-05,321639,,,,0.0,2.880977262975648e-05,2.880977262975648e-05,0.0,0.0,0.005856091622263193,0.00022958163754083216,0.005856091622263193,0.00022958163754083216
374.0,4.294967220630497e-05,322499,,,,0.0,2.833236248989124e-05,2.833236248989124e-05,0.0,0.0,0.006763023789972067,0.0002475712972227484,0.006763023789972067,0.0002475712972227484
375.0,4.294967220630497e-05,323359,,,,0.0,6.330702944978839e-06,6.330702944978839e-06,0.0,0.0,0.005757875274866819,0.00022754455858375877,0.005757875274866819,0.00022754455858375877
376.0,4.294967220630497e-05,324219,,,,0.0,3.435927283135243e-05,3.435927283135243e-05,0.0,0.0,0.005937890149652958,0.0002313965087523684,0.005937890149652958,0.0002313965087523684
377.0,4.294967220630497e-05,325079,,,,0.0,1.9380797311896458e-05,1.9380797311896458e-05,0.0,0.0,0.005995738320052624,0.00023158064868766814,0.005995738320052624,0.00023158064868766814
378.0,4.294967220630497e-05,325939,,,,0.0,9.80068671196932e-06,9.80068671196932e-06,0.0,0.0,0.00761244585737586,0.0002557076804805547,0.00761244585737586,0.0002557076804805547
379.0,4.294967220630497e-05,326799,,,,0.0,4.746810009237379e-05,4.746810009237379e-05,0.0,0.0,0.00651975255459547,0.00023449165746569633,0.00651975255459547,0.00023449165746569633
380.0,4.294967220630497e-05,327659,0.0,0.00632153544574976,0.00632153544574976,0.0,4.144771082792431e-05,4.144771082792431e-05,0.0,0.0,0.006250019650906324,0.00023496100038755685,0.006250019650906324,0.00023496100038755685
381.0,4.294967220630497e-05,328519,,,,0.0,1.0389923772891052e-05,1.0389923772891052e-05,0.0,0.0,0.006092071533203125,0.00023228625650517642,0.006092071533203125,0.00023228625650517642
382.0,4.294967220630497e-05,329379,,,,0.0,4.775720663019456e-05,4.775720663019456e-05,0.0,0.0,0.0062973410822451115,0.00023350224364548922,0.0062973410822451115,0.00023350224364548922
383.0,4.294967220630497e-05,330239,,,,0.0,4.659288242692128e-05,4.659288242692128e-05,0.0,0.0,0.006078358273953199,0.00022771467047277838,0.006078358273953199,0.00022771467047277838
384.0,4.294967220630497e-05,331099,,,,0.0,3.719889355124906e-05,3.719889355124906e-05,0.0,0.0,0.012674163095653057,0.00037129296106286347,0.012674163095653057,0.00037129296106286347
385.0,3.4359738492639735e-05,331959,,,,0.0,2.3632617740076967e-05,2.3632617740076967e-05,0.0,0.0,0.006019157823175192,0.00023151974892243743,0.006019157823175192,0.00023151974892243743
386.0,3.4359738492639735e-05,332819,,,,0.0,3.106257281615399e-05,3.106257281615399e-05,0.0,0.0,0.006685474421828985,0.00023854151368141174,0.006685474421828985,0.00023854151368141174
387.0,3.4359738492639735e-05,333679,,,,0.0,3.0261589927249588e-05,3.0261589927249588e-05,0.0,0.0,0.008231730200350285,0.0002590129734016955,0.008231730200350285,0.0002590129734016955
388.0,3.4359738492639735e-05,334539,,,,0.0,2.953498733404558e-05,2.953498733404558e-05,0.0,0.0,0.005986950360238552,0.00022993779566604644,0.005986950360238552,0.00022993779566604644
389.0,3.4359738492639735e-05,335399,,,,0.0,3.8397447497118264e-05,3.8397447497118264e-05,0.0,0.0,0.00955219566822052,0.00029081932734698057,0.00955219566822052,0.00029081932734698057
390.0,3.4359738492639735e-05,336259,0.0,0.013884044252336025,0.013884044252336025,0.0,2.5905954316840507e-05,2.5905954316840507e-05,0.0,0.0,0.01371021568775177,0.0003788746253121644,0.01371021568775177,0.0003788746253121644
391.0,3.4359738492639735e-05,337119,,,,0.0,2.7702475563273765e-05,2.7702475563273765e-05,0.0,0.0,0.007668748963624239,0.00025773272500373423,0.007668748963624239,0.00025773272500373423
392.0,3.4359738492639735e-05,337979,,,,0.0,3.313458728371188e-05,3.313458728371188e-05,0.0,0.0,0.007568842265754938,0.0002571884251665324,0.007568842265754938,0.0002571884251665324
393.0,3.4359738492639735e-05,338839,,,,0.0,2.8338377887848765e-05,2.8338377887848765e-05,0.0,0.0,0.008363603614270687,0.0002603123430162668,0.008363603614270687,0.0002603123430162668
394.0,3.4359738492639735e-05,339699,,,,0.0,3.5282217140775174e-05,3.5282217140775174e-05,0.0,0.0,0.007428229786455631,0.000248393218498677,0.007428229786455631,0.000248393218498677
395.0,3.4359738492639735e-05,340559,,,,0.0,2.565764225437306e-05,2.565764225437306e-05,0.0,0.0,0.008149497210979462,0.0002674353600014001,0.008149497210979462,0.0002674353600014001
396.0,3.4359738492639735e-05,341419,,,,0.0,2.7765470804297365e-05,2.7765470804297365e-05,0.0,0.0,0.00649449834600091,0.00023975693329703063,0.00649449834600091,0.00023975693329703063
397.0,3.4359738492639735e-05,342279,,,,0.0,3.1167252018349245e-05,3.1167252018349245e-05,0.0,0.0,0.0061425319872796535,0.000231773461564444,0.0061425319872796535,0.000231773461564444
398.0,3.4359738492639735e-05,343139,,,,0.0,2.7098125428892672e-05,2.7098125428892672e-05,0.0,0.0,0.006201684009283781,0.00023156407405622303,0.006201684009283781,0.00023156407405622303
399.0,3.4359738492639735e-05,343999,,,,0.0,2.7717485863831826e-05,2.7717485863831826e-05,0.0,0.0,0.005939966533333063,0.0002276591694680974,0.005939966533333063,0.0002276591694680974
400.0,3.4359738492639735e-05,344859,0.0,0.005979045759886503,0.005979045759886503,0.0,2.5204568373737857e-05,2.5204568373737857e-05,0.0,0.0,0.00581775140017271,0.0002286362141603604,0.00581775140017271,0.0002286362141603604
401.0,2.748779115790967e-05,345719,,,,0.0,1.0754480172181502e-05,1.0754480172181502e-05,0.0,0.0,0.006687792018055916,0.00023709313245490193,0.006687792018055916,0.00023709313245490193
402.0,2.748779115790967e-05,346579,,,,0.0,1.6064328519860283e-05,1.6064328519860283e-05,0.0,0.0,0.006115539465099573,0.00023085754946805537,0.006115539465099573,0.00023085754946805537
403.0,2.748779115790967e-05,347439,,,,0.0,1.3494859558704775e-05,1.3494859558704775e-05,0.0,0.0,0.005784046836197376,0.00022657867521047592,0.005784046836197376,0.00022657867521047592
404.0,2.748779115790967e-05,348299,,,,0.0,2.254321771033574e-05,2.254321771033574e-05,0.0,0.0,0.005972415674477816,0.00022890057880431414,0.005972415674477816,0.00022890057880431414
405.0,2.748779115790967e-05,349159,,,,0.0,1.9004235582542606e-05,1.9004235582542606e-05,0.0,0.0,0.005816930439323187,0.00022776027617510408,0.005816930439323187,0.00022776027617510408
406.0,2.748779115790967e-05,350019,,,,0.0,1.3603756087832153e-05,1.3603756087832153e-05,0.0,0.0,0.0057839504443109035,0.0002255203144159168,0.0057839504443109035,0.0002255203144159168
407.0,2.748779115790967e-05,350879,,,,0.0,1.6726717149140313e-05,1.6726717149140313e-05,0.0,0.0,0.005907710641622543,0.00022768171038478613,0.005907710641622543,0.00022768171038478613
408.0,2.748779115790967e-05,351739,,,,0.0,1.7563754227012396e-05,1.7563754227012396e-05,0.0,0.0,0.005899984855204821,0.00022956877364777029,0.005899984855204821,0.00022956877364777029
409.0,2.748779115790967e-05,352599,,,,0.0,1.0722088518377859e-05,1.0722088518377859e-05,0.0,0.0,0.00588636752218008,0.00022766533948015422,0.00588636752218008,0.00022766533948015422
410.0,2.748779115790967e-05,353459,0.0,0.005982696544378996,0.005982696544378996,0.0,2.1829124307259917e-05,2.1829124307259917e-05,0.0,0.0,0.005901336669921875,0.00022881013865116984,0.005901336669921875,0.00022881013865116984
411.0,2.748779115790967e-05,354319,,,,0.0,8.01959049567813e-06,8.01959049567813e-06,0.0,0.0,0.006774516310542822,0.00023930991301313043,0.006774516310542822,0.00023930991301313043
412.0,2.748779115790967e-05,355179,,,,0.0,1.727152084640693e-05,1.727152084640693e-05,0.0,0.0,0.007105525583028793,0.0002456734364386648,0.007105525583028793,0.0002456734364386648
413.0,2.748779115790967e-05,356039,,,,0.0,1.0800627023854759e-05,1.0800627023854759e-05,0.0,0.0,0.005766277201473713,0.00022795057157054543,0.005766277201473713,0.00022795057157054543
414.0,2.748779115790967e-05,356899,,,,0.0,1.776614590198733e-05,1.776614590198733e-05,0.0,0.0,0.010271821171045303,0.0003173111181240529,0.010271821171045303,0.0003173111181240529
415.0,2.748779115790967e-05,357759,,,,0.0,1.0952860066026915e-05,1.0952860066026915e-05,0.0,0.0,0.0057725063525140285,0.00022558917407877743,0.0057725063525140285,0.00022558917407877743
416.0,2.748779115790967e-05,358619,,,,0.0,1.586208054504823e-05,1.586208054504823e-05,0.0,0.0,0.008493399247527122,0.00026464229449629784,0.008493399247527122,0.00026464229449629784
417.0,2.748779115790967e-05,359479,,,,0.0,1.8762308172881603e-05,1.8762308172881603e-05,0.0,0.0,0.005785399116575718,0.0002278683241456747,0.005785399116575718,0.0002278683241456747
418.0,2.748779115790967e-05,360339,,,,0.0,1.6312307707266882e-05,1.6312307707266882e-05,0.0,0.0,0.0057953461073338985,0.00022688093304168433,0.0057953461073338985,0.00022688093304168433
419.0,2.748779115790967e-05,361199,,,,0.0,1.3239062354841735e-05,1.3239062354841735e-05,0.0,0.0,0.006085456348955631,0.0002296269522048533,0.006085456348955631,0.0002296269522048533
420.0,2.748779115790967e-05,362059,0.0,0.005900556221604347,0.005900556221604347,0.0,1.193459775095107e-05,1.193459775095107e-05,0.0,0.0,0.005798677913844585,0.00022928434191271663,0.005798677913844585,0.00022928434191271663
421.0,2.748779115790967e-05,362919,,,,0.0,1.6656351363053545e-05,1.6656351363053545e-05,0.0,0.0,0.005813067778944969,0.0002287256793351844,0.005813067778944969,0.0002287256793351844
422.0,2.748779115790967e-05,363779,,,,0.0,1.5795529179740697e-05,1.5795529179740697e-05,0.0,0.0,0.005878979805856943,0.00022673059720546007,0.005878979805856943,0.00022673059720546007
423.0,2.1990232198731974e-05,364639,,,,0.0,3.16336900141323e-06,3.16336900141323e-06,0.0,0.0,0.0064041041769087315,0.00023770156258251518,0.0064041041769087315,0.00023770156258251518
424.0,2.1990232198731974e-05,365499,,,,0.0,1.0654720426828135e-05,1.0654720426828135e-05,0.0,0.0,0.005781632382422686,0.00022834322589915246,0.005781632382422686,0.00022834322589915246
425.0,2.1990232198731974e-05,366359,,,,0.0,4.0863278627512045e-06,4.0863278627512045e-06,0.0,0.0,0.006177491974085569,0.0002344889217056334,0.006177491974085569,0.0002344889217056334
426.0,2.1990232198731974e-05,367219,,,,0.0,8.033730409806594e-06,8.033730409806594e-06,0.0,0.0,0.005833348259329796,0.00022606861602980644,0.005833348259329796,0.00022606861602980644
427.0,2.1990232198731974e-05,368079,,,,0.0,1.3442489034787286e-05,1.3442489034787286e-05,0.0,0.0,0.005826395004987717,0.00022707537573296577,0.005826395004987717,0.00022707537573296577
428.0,2.1990232198731974e-05,368939,,,,0.0,7.144138180592563e-06,7.144138180592563e-06,0.0,0.0,0.005821807775646448,0.0002269121032441035,0.005821807775646448,0.0002269121032441035
429.0,2.1990232198731974e-05,369799,,,,0.0,7.536057637480553e-06,7.536057637480553e-06,0.0,0.0,0.005745513830333948,0.00022610659652855247,0.005745513830333948,0.00022610659652855247
430.0,2.1990232198731974e-05,370659,0.0,0.005903949495404959,0.005903949495404959,0.0,7.74308864492923e-06,7.74308864492923e-06,0.0,0.0,0.005844647530466318,0.00022791937226429582,0.005844647530466318,0.00022791937226429582
431.0,2.1990232198731974e-05,371519,,,,0.0,8.303450158564374e-06,8.303450158564374e-06,0.0,0.0,0.006025097332894802,0.00023106236767489463,0.006025097332894802,0.00023106236767489463
432.0,2.1990232198731974e-05,372379,,,,0.0,8.667489055369515e-06,8.667489055369515e-06,0.0,0.0,0.005942284595221281,0.00022962965886108577,0.005942284595221281,0.00022962965886108577
433.0,2.1990232198731974e-05,373239,,,,0.0,1.22127557915519e-05,1.22127557915519e-05,0.0,0.0,0.006439788732677698,0.000234209859627299,0.006439788732677698,0.000234209859627299
434.0,2.1990232198731974e-05,374099,,,,0.0,9.53815379034495e-06,9.53815379034495e-06,0.0,0.0,0.005759565159678459,0.0002265427610836923,0.005759565159678459,0.0002265427610836923
435.0,2.1990232198731974e-05,374959,,,,0.0,4.279227141523734e-06,4.279227141523734e-06,0.0,0.0,0.005854498129338026,0.00022683733550366014,0.005854498129338026,0.00022683733550366014
436.0,2.1990232198731974e-05,375819,,,,0.0,1.3960779142507818e-05,1.3960779142507818e-05,0.0,0.0,0.0058372593484818935,0.0002274486905662343,0.0058372593484818935,0.0002274486905662343
437.0,2.1990232198731974e-05,376679,,,,0.0,7.847432243579533e-06,7.847432243579533e-06,0.0,0.0,0.005814564414322376,0.00022823222388979048,0.005814564414322376,0.00022823222388979048
438.0,2.1990232198731974e-05,377539,,,,0.0,7.3564501690270845e-06,7.3564501690270845e-06,0.0,0.0,0.00576429720968008,0.00022615773195866495,0.00576429720968008,0.00022615773195866495
439.0,1.759218685037922e-05,378399,,,,0.0,5.190369392948924e-06,5.190369392948924e-06,0.0,0.0,0.005734504200518131,0.00022689116303808987,0.005734504200518131,0.00022689116303808987
440.0,1.759218685037922e-05,379259,0.0,0.006765217054635286,0.006765217054635286,0.0,7.155404546210775e-06,7.155404546210775e-06,0.0,0.0,0.00665457034483552,0.0002356285258429125,0.00665457034483552,0.0002356285258429125
441.0,1.759218685037922e-05,380119,,,,0.0,8.43500947667053e-06,8.43500947667053e-06,0.0,0.0,0.006167399697005749,0.00023048327420838177,0.006167399697005749,0.00023048327420838177
442.0,1.759218685037922e-05,380979,,,,0.0,7.172075129346922e-06,7.172075129346922e-06,0.0,0.0,0.005816544406116009,0.00022845053172204643,0.005816544406116009,0.00022845053172204643
443.0,1.759218685037922e-05,381839,,,,0.0,4.894645826425403e-06,4.894645826425403e-06,0.0,0.0,0.01303887739777565,0.0003635299508459866,0.01303887739777565,0.0003635299508459866
444.0,1.759218685037922e-05,382699,,,,0.0,8.839055226417258e-06,8.839055226417258e-06,0.0,0.0,0.005737449508160353,0.00022688308672513813,0.005737449508160353,0.00022688308672513813
445.0,1.759218685037922e-05,383559,,,,0.0,9.546371074975468e-06,9.546371074975468e-06,0.0,0.0,0.007756535429507494,0.0002605461631901562,0.007756535429507494,0.0002605461631901562
446.0,1.759218685037922e-05,384419,,,,0.0,3.984914201282663e-06,3.984914201282663e-06,0.0,0.0,0.005828761029988527,0.00022738809639122337,0.005828761029988527,0.00022738809639122337
447.0,1.759218685037922e-05,385279,,,,0.0,8.066496775427368e-06,8.066496775427368e-06,0.0,0.0,0.005744837690144777,0.00022913982684258372,0.005744837690144777,0.00022913982684258372
448.0,1.759218685037922e-05,386139,,,,0.0,9.110573046200443e-06,9.110573046200443e-06,0.0,0.0,0.005732476245611906,0.00022617143986281008,0.005732476245611906,0.00022617143986281008
